dataset,generator,fold,n_trials,trial_time_mean_s,trial_time_median_s,trial_time_min_s,trial_time_max_s,total_tuning_time_s,best_trial_time_s
adult,arf,0,10,1204.6569373369216,1161.09674680233,381.8090207576752,2395.596857309341,12046.569373369217,1594.584459066391
adult,arf,1,20,990.2748903632164,832.2010776996613,142.992036819458,2366.493843317032,19805.497807264328,926.6403346061708
adult,arf,2,20,314.16759023666384,262.8870437145233,92.12693214416504,650.6084938049316,6283.351804733276,353.2572331428528
adult,arf,3,20,372.5727380156517,302.40192437171936,91.920156955719,652.6244525909424,7451.454760313034,255.17141604423523
adult,arf,4,20,405.10489534139634,384.9554661512375,94.4854497909546,657.2002601623535,8102.097906827927,655.4088358879089
adult,ctabgan,0,20,5649.407224988938,5029.279987454414,4988.502434015274,10564.123844623566,112988.14449977875,5025.160291194916
adult,ctabgan,1,20,5978.067713057995,5730.337972044945,5061.4788637161255,8316.341984987259,119561.3542611599,5215.120533943176
adult,ctabgan,2,20,5528.937166965008,5399.479600906372,4979.234888315201,6885.559256315231,110578.74333930016,5060.271896123886
adult,ctabgan,3,16,5609.553249537945,5655.632336854935,5031.421850204468,6688.105616569519,89752.85199260712,5688.384532690048
adult,ctabgan,4,20,5553.790191519261,5420.052697896957,5073.866580486298,6608.331141471863,111075.80383038521,5710.791219949722
adult,ctgan,0,20,6914.5101063251495,5819.671674013138,2861.4156386852264,17799.570362091064,138290.202126503,5293.260112047195
adult,ctgan,1,20,3496.7933928847315,3397.78024494648,1911.160599946976,6609.174264431,69935.86785769463,2585.4194898605347
adult,ctgan,2,20,3689.6177666425706,3219.422045826912,1257.358924150467,7018.266285657883,73792.35533285141,3234.427369117737
adult,ctgan,3,20,4425.130386602878,4048.1637419462204,2115.498054742813,7310.212224960327,88502.60773205757,4789.316725969315
adult,ctgan,4,20,2283.4500719070434,1832.1118988990784,1269.8205168247223,5176.824017763138,45669.00143814087,1300.4160044193268
adult,ddpm,0,20,2489.166685330868,2818.618202805519,1486.237910747528,4024.85274720192,49783.333706617355,3067.5873007774358
adult,ddpm,1,20,2443.493547296524,2708.3583406209946,1492.674399137497,3547.858234643936,48869.87094593048,2768.982376098633
adult,ddpm,2,20,2806.407083761692,2168.871473789215,1851.7137627601624,5795.442266702652,56128.14167523384,2033.6575865745544
adult,ddpm,3,20,2974.536542618275,2588.9639286994934,2068.374740600586,5939.50045466423,59490.730852365494,2726.349627971649
adult,ddpm,4,20,3509.0854641914366,3195.9890670776367,1989.1913032531736,5919.618975639343,70181.70928382874,3187.5994827747345
adult,realtabformer,0,5,2999.5005375385285,2596.1211833953857,2516.096546173096,3683.988775730133,14997.502687692642,2596.1211833953857
adult,realtabformer,1,5,2716.1246176719665,2491.601510286331,2445.292194366455,3097.080054283142,13580.623088359833,2491.601510286331
adult,realtabformer,2,5,2992.1201156139373,2602.2231369018555,2456.117170572281,3797.107605934143,14960.600578069687,2456.117170572281
adult,realtabformer,3,5,2510.845638847351,2123.220901966095,2107.023282766342,3118.421340227127,12554.228194236755,2107.023282766342
adult,realtabformer,4,5,1863.819405555725,1415.2806861400604,1399.2865443229675,2558.4766931533813,9319.097027778625,2542.803092956543
adult,tvae,0,20,2902.88201379776,2326.117513895035,2023.7203452587128,4465.651597499847,58057.6402759552,2128.541037797928
adult,tvae,1,20,1871.0553000569344,1094.424486398697,1034.6988253593445,4062.704627275467,37421.10600113869,1081.132250547409
adult,tvae,2,20,1037.1794391512872,1111.9128140211105,662.2826159000397,1814.9441301822665,20743.58878302574,1275.9996275901794
adult,tvae,3,20,998.9934015750885,902.8317420482635,699.092182636261,1423.3865504264832,19979.86803150177,835.2359807491302
adult,tvae,4,20,1013.4981952667237,999.6734664440155,689.3361301422119,1460.7101728916168,20269.963905334473,1284.6954321861267
bank_marketing,arf,0,20,243.09989799261092,161.33280038833618,59.88406705856323,628.9934959411621,4861.997959852219,157.96662783622742
bank_marketing,arf,1,20,471.1098972558975,384.4182494878769,136.429372549057,881.736124753952,9422.19794511795,795.9997572898865
bank_marketing,arf,2,20,436.2276486039162,380.07871091365814,139.13714814186096,801.5217819213867,8724.552972078323,752.030604839325
bank_marketing,arf,3,20,282.1190757870674,194.96273863315582,100.3225555419922,736.7357249259949,5642.381515741348,105.64453077316284
bank_marketing,arf,4,10,374.4806620597839,311.7250815629959,131.2663459777832,763.2978186607361,3744.8066205978394,294.1277449131012
bank_marketing,ctabgan,0,1,11355.63661980629,11355.63661980629,11355.63661980629,11355.63661980629,11355.63661980629,11355.63661980629
bank_marketing,ctabgan,1,20,6505.842934131622,6500.328340172768,5399.364879131317,7095.83113193512,130116.85868263245,6541.411581754684
bank_marketing,ctabgan,2,20,6579.881994664669,6881.831187963486,4322.004694700241,7097.05113863945,131597.63989329338,6898.023941278458
bank_marketing,ctabgan,3,20,3499.5468371868133,3917.382926106453,2590.7105243206024,4397.748846292496,69990.93674373627,3933.271017551422
bank_marketing,ctabgan,4,20,3251.8531769156457,3009.5535752773285,2567.795491218567,4254.04722905159,65037.06353831291,2634.9877173900604
bank_marketing,ctgan,0,20,4753.543461680412,3844.7783114910126,2088.4924535751343,9834.518679141998,95070.86923360825,3903.964933156967
bank_marketing,ctgan,1,20,2772.720442306995,2648.29570376873,1244.203649520874,4934.155622720718,55454.40884613991,3081.450047016144
bank_marketing,ctgan,2,20,3288.7658123850824,3191.5499852895737,1487.159399986267,5145.851595640183,65775.31624770164,3185.4797987937927
bank_marketing,ctgan,3,20,3197.3319246649744,3130.680640935898,1605.9574313163755,4867.4483897686005,63946.638493299484,3026.245957612992
bank_marketing,ctgan,4,20,3182.854371547699,3150.958886742592,1438.8060998916626,4777.234061002731,63657.08743095398,4524.695152282715
bank_marketing,ddpm,0,20,9784.805034673214,11902.264392375946,1782.8633797168732,16486.699256420135,195696.10069346428,16486.699256420135
bank_marketing,ddpm,1,20,1571.365307211876,1473.1902788877487,1347.970295906067,1960.8688509464264,31427.30614423752,1609.569320678711
bank_marketing,ddpm,2,20,1586.5830186367034,1495.3378059864044,1385.8841257095337,2132.603489875793,31731.66037273407,1426.148859500885
bank_marketing,ddpm,3,20,1627.355444586277,1520.201097369194,1438.7779414653778,2478.089950323105,32547.10889172554,1695.6073639392853
bank_marketing,ddpm,4,20,1684.3486174345016,1660.5628309249878,1377.5987358093262,2482.2357892990112,33686.97234869003,1470.1977882385254
bank_marketing,realtabformer,0,5,2696.4324429035187,2278.8575110435486,2255.476485490799,3408.9632229804997,13482.162214517593,3273.7293004989624
bank_marketing,realtabformer,1,5,2422.8734246730805,2244.794715881348,2182.4150829315186,3173.6351370811462,12114.367123365402,3173.6351370811462
bank_marketing,realtabformer,2,5,1807.94355802536,1546.6271588802338,1531.3729598522186,2218.236184358597,9039.7177901268,1531.3729598522186
bank_marketing,realtabformer,3,5,2459.2611877441404,2238.486671209336,2220.8163561820984,2808.993047237396,12296.305938720703,2796.184044837952
bank_marketing,realtabformer,4,5,2221.967793750763,1880.32098031044,1876.539034366608,2764.157541036606,11109.838968753815,2709.148754119873
bank_marketing,tvae,0,20,1689.3678593039513,1796.8081814050674,1038.4694330692291,3498.01340341568,33787.357186079025,1087.1566202640531
bank_marketing,tvae,1,20,866.8917214751243,925.0746079683304,549.2683737277985,1131.7282626628876,17337.834429502487,962.9553604125977
bank_marketing,tvae,2,20,891.9727915883064,959.7338021993637,551.1396682262421,1111.6199073791504,17839.45583176613,1111.6199073791504
bank_marketing,tvae,3,20,786.0375180959702,810.3483887910843,555.7479321956635,1013.0657591819764,15720.750361919403,633.0536987781525
bank_marketing,tvae,4,20,790.204575753212,801.8441076278687,561.4054796695709,1038.2595517635343,15804.09151506424,1007.6237964630128
compas,arf,0,20,89.54443207979202,88.64837646484375,45.31255435943604,146.39873909950256,1790.8886415958405,63.372132539749146
compas,arf,1,20,37.771270227432254,39.8605340719223,23.994222402572632,48.00923180580139,755.425404548645,38.48711800575256
compas,arf,2,20,37.8191915512085,38.56042420864105,16.216449737548828,53.40144228935242,756.3838310241699,43.952075242996216
compas,arf,3,20,43.58232831954956,35.63623631000519,18.315367937088013,200.75849866867063,871.6465663909912,28.862423181533813
compas,arf,4,20,39.0227224111557,38.012699246406555,19.654320240020752,87.25083208084106,780.454448223114,30.41895198822021
compas,ctabgan,0,2,3810.2671444416046,3810.2671444416046,1433.2956511974337,6187.238637685776,7620.534288883209,1433.2956511974337
compas,ctabgan,1,20,487.5519169807434,625.6852054595947,137.5600094795227,960.282631635666,9751.038339614868,669.7722899913788
compas,ctabgan,2,20,605.7719873905182,350.3713994026184,199.6928732395172,1716.5649645328522,12115.439747810364,199.6928732395172
compas,ctabgan,3,20,736.5528400421142,624.5984817743301,209.6665003299713,1667.5351548194883,14731.056800842285,1210.683111190796
compas,ctabgan,4,20,386.6634749531746,299.22526597976685,140.4621024131775,711.9575042724609,7733.269499063492,293.92412304878235
compas,ctgan,0,20,2235.7539147257803,1499.078288078308,646.1899065971375,6996.705439090729,44715.07829451561,1033.2265260219574
compas,ctgan,1,20,2633.2165219426156,2329.6066451072693,642.3100457191467,6066.6066834926605,52664.33043885231,4573.417881011963
compas,ctgan,2,20,1633.1663962244988,1252.628980755806,680.3973207473755,3961.549579620361,32663.327924489975,1077.9653205871582
compas,ctgan,3,20,348.5929942369461,301.7001039981842,207.2578535079956,605.6031680107117,6971.859884738922,257.0282912254333
compas,ctgan,4,20,392.78693505525587,385.0709751844406,211.3900754451752,645.5067825317383,7855.738701105118,645.5067825317383
compas,ddpm,0,20,2646.844412851334,1392.8017942905426,430.6293730735779,9497.407075166702,52936.88825702667,1437.1426820755005
compas,ddpm,1,20,2737.310624110699,1460.9357026815414,427.9593691825866,12715.787854671478,54746.212482213974,1408.408433675766
compas,ddpm,2,20,2344.2913313984873,1534.3634012937546,684.6497843265533,7879.489204645157,46885.82662796974,5310.97824883461
compas,ddpm,3,20,982.6259355187416,1188.8013067245483,333.70625162124634,1544.7688472270966,19652.518710374832,1288.3695180416107
compas,ddpm,4,20,861.0402853012085,801.899099111557,312.1838138103485,1537.3186371326449,17220.80570602417,1402.231874704361
compas,realtabformer,0,5,361.98582162857053,397.4740986824036,198.17541480064392,521.4625728130341,1809.9291081428528,521.4625728130341
compas,realtabformer,1,20,910.5419883370399,867.8377628326416,763.5357456207275,1135.3412382602692,18210.8397667408,858.0854613780975
compas,realtabformer,2,20,917.3468458771706,1083.7541571855545,417.6164047718048,1321.1073627471924,18346.93691754341,1321.1073627471924
compas,realtabformer,3,20,935.2741865396499,988.285294175148,763.8045053482056,1077.1462490558624,18705.483730793,1077.1462490558624
compas,realtabformer,4,20,579.8030952692031,491.66064620018005,454.1434891223908,895.1494710445404,11596.061905384064,518.5134408473969
compas,tvae,0,20,1144.5501074671745,1270.8284525871277,564.91796708107,1530.489057302475,22891.00214934349,1450.7989435195925
compas,tvae,1,20,1097.2050788521767,867.7713398933411,698.6420221328735,1814.4240128993988,21944.101577043533,866.713184595108
compas,tvae,2,20,711.4123335242272,770.3033410310745,322.5555872917176,868.6888782978058,14228.246670484543,400.76800417900085
compas,tvae,3,20,139.00390536785125,140.05818164348602,95.37275195121764,179.76208353042605,2780.078107357025,149.4601833820343
compas,tvae,4,20,149.11967495679855,148.57389223575592,85.99280834197998,240.9172575473785,2982.393499135971,148.83589363098145
german,arf,0,20,68.94152908325195,52.35213220119476,22.00339102745056,162.00357174873352,1378.830581665039,89.22322869300842
german,arf,1,20,7.7435234665870665,6.34996223449707,3.3949577808380127,17.095993757247925,154.87046933174133,5.169938087463379
german,arf,2,20,15.63998407125473,17.45981478691101,4.520108461380005,28.813968420028687,312.7996814250946,28.813968420028687
german,arf,3,20,9.48082767724991,9.926652193069458,3.865634679794312,13.78058671951294,189.61655354499817,12.18095564842224
german,arf,4,20,12.316802144050598,11.530759572982788,5.664817333221436,18.69851565361023,246.33604288101196,17.236361026763916
german,ctabgan,0,5,1184.8298431873322,1232.506381034851,979.2219924926758,1422.206814289093,5924.149215936661,979.2219924926758
german,ctabgan,1,20,176.17668813467026,143.92247462272644,87.41395235061646,335.1820797920227,3523.533762693405,103.19125127792358
german,ctabgan,2,20,137.5510424733162,129.18647277355194,80.39550733566284,213.93406891822812,2751.020849466324,82.62010383605957
german,ctabgan,3,20,86.61664420366287,85.26715385913849,51.05671787261963,139.5605125427246,1732.3328840732574,84.21548247337341
german,ctabgan,4,20,149.85182945728303,143.18532073497772,97.77547240257265,213.79260540008545,2997.0365891456604,116.39716386795044
german,ctgan,0,20,289.74482598304746,275.4896330833435,142.17893028259277,461.3546826839447,5794.89651966095,451.4077105522156
german,ctgan,1,20,245.48018596172332,251.63343214988708,162.00484251976013,310.124279499054,4909.603719234467,267.9102845191956
german,ctgan,2,40,275.01049233675,273.8238924741745,170.02628135681152,470.2331314086914,11000.419693470001,266.07329416275024
german,ctgan,3,20,280.4951917529106,283.00133514404297,192.7172427177429,394.8583641052246,5609.903835058212,311.00142216682434
german,ctgan,4,20,259.0342121362686,258.0637480020523,139.1976900100708,509.8220779895783,5180.684242725372,256.7227020263672
german,ddpm,0,20,1527.3368756055831,1182.007761478424,723.7096803188324,4730.779084682465,30546.737512111664,4730.779084682465
german,ddpm,1,20,425.80726248025894,379.9790905714035,353.2736053466797,672.5681037902832,8516.145249605179,380.7329897880554
german,ddpm,2,20,474.43416103124616,511.9921888113022,349.3703546524048,642.3678162097931,9488.683220624924,531.6521832942963
german,ddpm,3,20,478.6961019396782,518.2015182971954,307.5562188625336,690.7508783340454,9573.922038793564,562.7638657093048
german,ddpm,4,20,473.77295137643813,460.7625571489334,353.3876175880432,701.1901094913483,9475.459027528763,379.4547290802002
german,realtabformer,0,5,136.9440055847168,136.71314525604248,131.9127323627472,144.2601034641266,684.720027923584,132.34840726852417
german,realtabformer,1,20,160.2193425297737,142.39997816085815,127.79795360565186,357.4228117465973,3204.3868505954742,149.65897750854492
german,realtabformer,2,20,168.9213578224182,167.84854066371918,128.89194059371948,255.94913601875305,3378.4271564483643,255.94913601875305
german,realtabformer,3,20,867.4414234042167,917.7246718406677,619.531530380249,1264.121450662613,17348.828468084335,739.1208555698395
german,realtabformer,4,20,1054.050030684471,1075.1656736135483,853.6585848331451,1353.7547941207886,21081.000613689423,1061.4167408943176
german,tvae,0,10,502.53081276416776,530.8536460399628,339.1171672344208,591.4942307472229,5025.308127641678,339.1171672344208
german,tvae,1,20,125.792728805542,137.94026517868042,27.39972424507141,189.0014531612396,2515.85457611084,137.42858266830444
german,tvae,2,20,107.12271099090576,99.35957276821136,51.61643981933594,145.33495593070984,2142.4542198181152,85.90972137451172
german,tvae,3,20,124.99743130207062,139.1201652288437,59.65551376342773,173.55807781219482,2499.9486260414124,61.66018033027649
german,tvae,4,40,125.76913758516312,137.81356263160706,56.726160287857056,180.810560464859,5030.765503406525,142.78366231918335
